industry;new_industry
Higher Education;Education and Training
Information Technology & Services;Information Technology and Services
Accounting;Business and Consulting
Electrical & Electronic Manufacturing;Manufacturing and Engineering
Marketing & Advertising;Marketing and Advertising
Hospital & Health Care;Healthcare and Medical Services
Logistics & Supply Chain;Logistics and Transportation
Medical Practice;Healthcare and Medical Services
Mental Health Care;Healthcare and Medical Services
Architecture & Planning;Manufacturing and Engineering
Recreational Facilities & Services;Hospitality and Entertainment
Internet;Media and Publishing
Staffing & Recruiting;Business and Consulting
Research;Education and Training
Civil Engineering;Manufacturing and Engineering
Management Consulting;Business and Consulting
Education Management;Education and Training
Cosmetics;Healthcare and Medical Services
Real Estate;Real Estate and Construction
Oil & Energy;Manufacturing and Engineering
Financial Services;Financial Services
Non-profit Organization Management;Government and Non-profit
Consumer Services;Retail and Consumer Goods
Retail;Retail and Consumer Goods
Food & Beverages;Hospitality and Entertainment
International Trade & Development;Financial Services
Design;Marketing and Advertising
Construction;Real Estate and Construction
Defense & Space;Government and Non-profit
Hospitality;Hospitality and Entertainment
Environmental Services;Health and Wellness
Health;Healthcare and Medical Services
Computer Software;Information Technology and Services
Consumer Goods;Retail and Consumer Goods
Machinery;Manufacturing and Engineering
Luxury Goods & Jewelry;Retail and Consumer Goods
Law Practice;Security and Law
Entertainment;Hospitality and Entertainment
Automotive;Manufacturing and Engineering
Pharmaceuticals;Healthcare and Medical Services
Plastics;Manufacturing and Engineering
Building Materials;Manufacturing and Engineering
Banking;Financial Services
Apparel & Fashion;Retail and Consumer Goods
Government Administration;Government and Non-profit
Insurance;Financial Services
Chemicals;Manufacturing and Engineering
Wholesale;Logistics and Transportation
Graphic Design;Marketing and Advertising
Biotechnology;Manufacturing and Engineering
Packaging & Containers;Manufacturing and Engineering
Media Production;Marketing and Advertising
Facilities Services;Hospitality and Entertainment
Outsourcing/Offshoring;Business and Consulting
Public Relations & Communications;Government and Non-profit
Telecommunications;Information Technology and Services
Transportation/Trucking/Railroad;Logistics and Transportation
Printing;Information Technology and Services
Civic & Social Organization;Government and Non-profit
Paper & Forest Products;Manufacturing and Engineering
Primary/Secondary Education;Education and Training
Aviation & Aerospace;Logistics and Transportation
Security & Investigations;Security and Law
Utilities;Manufacturing and Engineering
Computer Games;Hospitality and Entertainment
Professional Training & Coaching;Education and Training
Medical Device;Healthcare and Medical Services
Furniture;Real Estate and Construction
Restaurants;Hospitality and Entertainment
Human Resources;Business and Consulting
Farming;Retail and Consumer Goods
Information Services;Information Technology and Services
Events Services;Hospitality and Entertainment
Individual & Family Services;Education and Training
Newspapers;Media and Publishing
Broadcast Media;Media and Publishing
Food Production;Manufacturing and Engineering
Semiconductors;Information Technology and Services
Consumer Electronics;Manufacturing and Engineering
Government Relations;Government and Non-profit
Religious Institutions;Government and Non-profit
Leisure;Hospitality and Entertainment
Mechanical Or Industrial Engineering;Manufacturing and Engineering
Market Research;Business and Consulting
Performing Arts;Marketing and Advertising
Mining & Metals;Manufacturing and Engineering
Maritime;Logistics and Transportation
Political Organization;Government and Non-profit
Venture Capital & Private Equity;Financial Services
Fundraising;Financial Services
Airlines/Aviation;Logistics and Transportation
Industrial Automation;Manufacturing and Engineering
Sports;Hospitality and Entertainment
Investment Management;Financial Services
Writing & Editing;Media and Publishing
Investment Banking;Financial Services
Military;Security and Law
Capital Markets;Financial Services
Public Safety;Security and Law
Alternative Medicine;Health and Wellness
Law Enforcement;Security and Law
Wine & Spirits;Hospitality and Entertainment
Gambling & Casinos;Hospitality and Entertainment
E-learning;Education and Training
Glass;Manufacturing and Engineering
Renewables & Environment;Manufacturing and Engineering
Dairy;Retail and Consumer Goods
Online Media;Media and Publishing
Commercial Real Estate;Real Estate and Construction
Legal Services;Business and Consulting
Computer & Network Security;Information Technology and Services
Music;Marketing and Advertising
Translation & Localization;Media and Publishing
Museums & Institutions;Media and Publishing
Computer Hardware;Information Technology and Services
Publishing;Media and Publishing
Photography;Media and Publishing
Philanthropy;Government and Non-profit
Sporting Goods;Retail and Consumer Goods
Think Tanks;Government and Non-profit
Judiciary;Security and Law
Fine Art;Marketing and Advertising
Package/Freight Delivery;Logistics and Transportation
Railroad Manufacture;Manufacturing and Engineering
Textiles;Retail and Consumer Goods
Business Supplies & Equipment;Manufacturing and Engineering
Tobacco;Retail and Consumer Goods
Veterinary;Healthcare and Medical Services
Supermarkets;Retail and Consumer Goods
International Affairs;Government and Non-profit
Computer Networking;Information Technology and Services
Warehousing;Logistics and Transportation
Executive Office;Government and Non-profit
Import & Export;Logistics and Transportation
Animation;Media and Publishing
Shipbuilding;Manufacturing and Engineering
Public Policy;Government and Non-profit
Legislative Office;Government and Non-profit
Libraries;Media and Publishing
Wireless;Information Technology and Services
Fishery;Logistics and Transportation